,primaryTitle,isAdult,startYear,genres,category,primaryName
0,The Story of the Kelly Gang,0,1906,"Action,Adventure,Biography",cinematographer,Orrie Perry
1,The Story of the Kelly Gang,0,1906,"Action,Adventure,Biography",actress,Elizabeth Tait
2,The Story of the Kelly Gang,0,1906,"Action,Adventure,Biography",actor,John Tait
3,The Story of the Kelly Gang,0,1906,"Action,Adventure,Biography",actor,Nicholas Brierley
4,The Story of the Kelly Gang,0,1906,"Action,Adventure,Biography",actor,Norman Campbell
5,The Story of the Kelly Gang,0,1906,"Action,Adventure,Biography",director,Charles Tait
6,The Story of the Kelly Gang,0,1906,"Action,Adventure,Biography",producer,W.A. Gibson
7,The Story of the Kelly Gang,0,1906,"Action,Adventure,Biography",producer,Millard Johnson
8,The Story of the Kelly Gang,0,1906,"Action,Adventure,Biography",producer,Nevin Tait
9,The Story of the Kelly Gang,0,1906,"Action,Adventure,Biography",composer,Eric Chapus
10,The Prodigal Son,0,1907,Drama,actor,Georges Wague
11,The Prodigal Son,0,1907,Drama,actor,Henri Gouget
12,The Prodigal Son,0,1907,Drama,actress,Christiane Mandelys
13,The Prodigal Son,0,1907,Drama,actress,Gilberte Sergy
14,The Prodigal Son,0,1907,Drama,director,Michel Carré
15,Robbery Under Arms,0,1907,Drama,actor,Jim Gerald
16,Robbery Under Arms,0,1907,Drama,actor,George Merriman
17,Robbery Under Arms,0,1907,Drama,actor,Lance Vane
18,Robbery Under Arms,0,1907,Drama,actor,William Duff
19,Robbery Under Arms,0,1907,Drama,director,Charles MacMahon
20,Robbery Under Arms,0,1907,Drama,writer,Rolf Boldrewood
21,Robbery Under Arms,0,1907,Drama,cinematographer,Byers Coates
22,Robbery Under Arms,0,1907,Drama,actor,Arthur Guest
23,Robbery Under Arms,0,1907,Drama,actress,Rhoda Dendron
24,Hamlet,0,1908,Drama,actress,Fernanda Negri Pouget
25,Hamlet,0,1908,Drama,director,Mario Caserini
26,Hamlet,0,1908,Drama,writer,William Shakespeare
27,Hamlet,0,1908,Drama,producer,Giuseppe de Liguoro
28,Don Quijote,0,1908,Drama,director,Narciso Cuyàs
29,Don Quijote,0,1908,Drama,writer,Miguel de Cervantes y Saavedra
30,The Fairylogue and Radio-Plays,0,1908,"Adventure,Fantasy",actor,L. Frank Baum
31,The Fairylogue and Radio-Plays,0,1908,"Adventure,Fantasy",actor,Frank Burns
32,The Fairylogue and Radio-Plays,0,1908,"Adventure,Fantasy",actor,George E. Wilson
33,The Fairylogue and Radio-Plays,0,1908,"Adventure,Fantasy",actor,Wallace Illington
34,The Fairylogue and Radio-Plays,0,1908,"Adventure,Fantasy",director,Francis Boggs
35,The Fairylogue and Radio-Plays,0,1908,"Adventure,Fantasy",director,Otis Turner
36,The Fairylogue and Radio-Plays,0,1908,"Adventure,Fantasy",composer,Nathaniel D. Mann
37,El pastorcito de Torrente,0,1908,Drama,director,Antonio Cuesta
38,El pastorcito de Torrente,0,1908,Drama,cinematographer,Ángel Huerta
39,Andreas Hofer,0,1909,Drama,actress,Henny Porten
40,Andreas Hofer,0,1909,Drama,director,Rudolf Biebrach
41,Andreas Hofer,0,1909,Drama,director,Franz Porten
42,Andreas Hofer,0,1909,Drama,cinematographer,Karl Hasselmann
43,"Hamlet, Prince of Denmark",0,1910,Drama,actor,Jean Mounet-Sully
44,"Hamlet, Prince of Denmark",0,1910,Drama,director,Gérard Bourgeois
45,"Hamlet, Prince of Denmark",0,1910,Drama,writer,William Shakespeare
46,Locura de amor,0,1909,Drama,actor,José Argelagués
47,Locura de amor,0,1909,Drama,actor,Joaquín Carrasco
48,Locura de amor,0,1909,Drama,actor,José Durany
49,Locura de amor,0,1909,Drama,actress,Elvira Fremont
50,Locura de amor,0,1909,Drama,director,Ricardo de Baños
51,Locura de amor,0,1909,Drama,director,Alberto Marro
52,Locura de amor,0,1909,Drama,writer,Manuel Tamayo y Baus
53,Salome Mad,0,1909,Comedy,director,Theo Frenkel
54,Salome Mad,0,1909,Comedy,producer,Cecil M. Hepworth
55,Gøngehøvdingen,0,1909,"Drama,War",actress,Maggi Zinn
56,Gøngehøvdingen,0,1909,"Drama,War",actor,Aage Brandt
57,Gøngehøvdingen,0,1909,"Drama,War",actor,N. Eiberg
58,Gøngehøvdingen,0,1909,"Drama,War",actress,Solborg Fjeldsøe Rasmussen
59,Gøngehøvdingen,0,1909,"Drama,War",actor,Jørgen Lund
60,Gøngehøvdingen,0,1909,"Drama,War",director,Carl Alstrup
61,Gøngehøvdingen,0,1909,"Drama,War",cinematographer,Mads Anton Madsen
62,Gøngehøvdingen,0,1909,"Drama,War",actor,Carl Johan Lundkvist
63,Gøngehøvdingen,0,1909,"Drama,War",actor,Kaj Rasmussen
64,Gøngehøvdingen,0,1909,"Drama,War",actress,Emilie Sannom
65,O Terremoto de Benavente,0,1909,Documentary,director,Francisco Stella
66,Amleto,0,1910,Drama,actor,Dante Cappelli
67,Amleto,0,1910,Drama,actress,Maria Caserini
68,Amleto,0,1910,Drama,director,Mario Caserini
69,Amleto,0,1910,Drama,writer,William Shakespeare
70,Ansigttyven I,0,1910,Crime,actress,Marie Niedermann
71,Ansigttyven I,0,1910,Crime,actor,Philip Bech
72,Ansigttyven I,0,1910,Crime,actor,Aage Bjørnbak
73,Ansigttyven I,0,1910,Crime,actor,Alfred Cohn
74,Ansigttyven I,0,1910,Crime,actor,Aage Fønss
75,Ansigttyven I,0,1910,Crime,director,Gunnar Helsengreen
76,Ansigttyven I,0,1910,Crime,writer,Aage Garde
77,Ansigttyven I,0,1910,Crime,actor,Axel Garde
78,Ansigttyven I,0,1910,Crime,actor,Peter Malberg
79,Ansigttyven I,0,1910,Crime,actor,Victor Neumann
80,O Centenário da Guerra Peninsular,0,1910,Documentary,,
81,Corrida da Rampa,0,1910,Documentary,,
82,Camille,0,1912,"Drama,Romance",producer,Louis Nalpas
83,Camille,0,1912,"Drama,Romance",actress,Sarah Bernhardt
84,Camille,0,1912,"Drama,Romance",actor,Lou Tellegen
85,Camille,0,1912,"Drama,Romance",actor,Paul Capellani
86,Camille,0,1912,"Drama,Romance",actor,Jean Chameroy
87,Camille,0,1912,"Drama,Romance",director,André Calmettes
88,Camille,0,1912,"Drama,Romance",director,Louis Mercanton
89,Camille,0,1912,"Drama,Romance",director,Henri Pouctal
90,Camille,0,1912,"Drama,Romance",writer,Alexandre Dumas fils
91,Camille,0,1912,"Drama,Romance",producer,Charles Delac
92,Don Juan de Serrallonga,0,1910,"Adventure,Drama",actress,Dolores Puchol
93,Don Juan de Serrallonga,0,1910,"Adventure,Drama",actor,Cecilio Rodríguez de la Vega
94,Don Juan de Serrallonga,0,1910,"Adventure,Drama",director,Ricardo de Baños
95,Don Juan de Serrallonga,0,1910,"Adventure,Drama",director,Alberto Marro
96,Don Juan de Serrallonga,0,1910,"Adventure,Drama",writer,Víctor Balaguer
97,Don Juan de Serrallonga,0,1910,"Adventure,Drama",cinematographer,Ramón de Baños
98,Hamlet,0,1911,Drama,actor,Axel Mattsson
99,Hamlet,0,1911,Drama,actor,Alwin Neuß
100,Hamlet,0,1911,Drama,actor,Aage Hertel
101,Hamlet,0,1911,Drama,actress,Ella La Cour
102,Hamlet,0,1911,Drama,actress,Emilie Sannom
103,Hamlet,0,1911,Drama,director,August Blom
104,Hamlet,0,1911,Drama,writer,William Shakespeare
105,Hamlet,0,1911,Drama,actor,Einar Zangenberg
106,Hamlet,0,1911,Drama,actor,Oscar Langkilde
107,Hamlet,0,1911,Drama,actor,Carl Rosenbaum
108,The White Slave Trade,0,1910,Drama,actor,Aage Lorentzen
109,The White Slave Trade,0,1910,Drama,actress,Ellen Diedrich
110,The White Slave Trade,0,1910,Drama,actor,Victor Fabian
111,The White Slave Trade,0,1910,Drama,actress,Julie Henriksen
112,The White Slave Trade,0,1910,Drama,actress,Rigmor Jerichau
113,The White Slave Trade,0,1910,Drama,director,August Blom
114,The White Slave Trade,0,1910,Drama,cinematographer,Axel Graatkjær
115,The White Slave Trade,0,1910,Drama,actress,Ella La Cour
116,The White Slave Trade,0,1910,Drama,actor,Otto Lagoni
117,The White Slave Trade,0,1910,Drama,actress,Doris Langkilde
118,Kapergasten,0,1910,Drama,actor,Alfred Cohn
119,Kapergasten,0,1910,Drama,actor,Aage Fønss
120,Kapergasten,0,1910,Drama,actress,Jenny Roelsgaard
121,Kapergasten,0,1910,Drama,actor,Aage Schmidt
122,Kapergasten,0,1910,Drama,writer,Gunnar Helsengreen
123,Kapergasten,0,1910,Drama,cinematographer,Th.S. Hermansen
124,The Life of Moses,0,1909,"Biography,Drama,Family",actor,Pat Hartigan
125,The Life of Moses,0,1909,"Biography,Drama,Family",actress,Julia Arthur
126,The Life of Moses,0,1909,"Biography,Drama,Family",actor,William Humphrey
127,The Life of Moses,0,1909,"Biography,Drama,Family",actor,Charles Kent
128,The Life of Moses,0,1909,"Biography,Drama,Family",director,J. Stuart Blackton
129,The Life of Moses,0,1909,"Biography,Drama,Family",writer,Madison C. Peters
130,The Life of Moses,0,1909,"Biography,Drama,Family",writer,Rollin S. Sturgeon
131,The Life of Moses,0,1909,"Biography,Drama,Family",actress,Edith Storey
132,A Night in May,0,1910,Drama,director,Vladimir Krivtsov
133,A Night in May,0,1910,Drama,writer,Yakov Protazanov
134,A Night in May,0,1910,Drama,writer,Nikolay Gogol
135,Jarní sen starého mládence,0,1913,Comedy,actor,Josef Kricenský
136,Jarní sen starého mládence,0,1913,Comedy,actor,Ferry Seidl
137,Jarní sen starého mládence,0,1913,Comedy,actress,Berta Friedrichová
138,Jarní sen starého mládence,0,1913,Comedy,actress,Marie Demartiniová-Hradcanská
139,Jarní sen starého mládence,0,1913,Comedy,cinematographer,Jan Krízenecký
140,Jarní sen starého mládence,0,1913,Comedy,actor,Otto Zahrádka
141,Jarní sen starého mládence,0,1913,Comedy,actor,Bohumil Kovár
142,A Pesca do Bacalhau,0,1910,Documentary,,
143,Rainha Depois de Morta Inês de Castro,0,1910,"Drama,History",actor,Carlos Santos
144,Rainha Depois de Morta Inês de Castro,0,1910,"Drama,History",actor,Eduardo Brazão
145,Rainha Depois de Morta Inês de Castro,0,1910,"Drama,History",actress,Amelia Vieira
146,Rainha Depois de Morta Inês de Castro,0,1910,"Drama,History",producer,Júlio Costa
147,Revolução de 5 de Outubro,0,1910,Documentary,director,Manuel Maria da Costa Veiga
148,Valdemar Sejr,0,1910,"Drama,History",actor,Peter Malberg
149,Valdemar Sejr,0,1910,"Drama,History",actor,Philip Bech
150,Valdemar Sejr,0,1910,"Drama,History",actor,Aage Bjørnbak
151,Valdemar Sejr,0,1910,"Drama,History",actress,Ragnhild Christensen
152,Valdemar Sejr,0,1910,"Drama,History",actor,Alfred Cohn
153,Valdemar Sejr,0,1910,"Drama,History",director,Gunnar Helsengreen
154,Valdemar Sejr,0,1910,"Drama,History",writer,B.S. Ingemann
155,Valdemar Sejr,0,1910,"Drama,History",cinematographer,Th.S. Sørensen
156,Valdemar Sejr,0,1910,"Drama,History",actor,Aage Fønss
157,Valdemar Sejr,0,1910,"Drama,History",actress,Ellen Gottschalch
158,Amor fatal,0,1911,"Drama,Romance",actress,Lucia Sturza-Bulandra
159,Amor fatal,0,1911,"Drama,Romance",actor,Tony Bulandra
160,Amor fatal,0,1911,"Drama,Romance",actor,Constantin Neamtu-Ottonel
161,Amor fatal,0,1911,"Drama,Romance",actor,Aurel Barbelian
162,Amor fatal,0,1911,"Drama,Romance",director,Grigore Brezeanu
163,Amor fatal,0,1911,"Drama,Romance",cinematographer,Victor De Bon
164,The Battle of Trafalgar,0,1911,War,actor,Sydney Booth
165,The Battle of Trafalgar,0,1911,War,actor,Herbert Prior
166,The Battle of Trafalgar,0,1911,War,actor,James Gordon
167,The Battle of Trafalgar,0,1911,War,actor,Charles Ogle
168,The Battle of Trafalgar,0,1911,War,director,J. Searle Dawley
169,The Battle of Trafalgar,0,1911,War,cinematographer,Henry Cronjager
170,The Battle of Trafalgar,0,1911,War,actress,Laura Sawyer
171,The Battle of Trafalgar,0,1911,War,actor,Willis Secord
172,The Bushranger's Bride,0,1911,Drama,actor,Alfred Rolfe
173,The Bushranger's Bride,0,1911,Drama,actress,Lily Dampier
174,The Bushranger's Bride,0,1911,Drama,actor,Raymond Longford
175,The Bushranger's Bride,0,1911,Drama,actress,Lottie Lyell
176,The Bushranger's Bride,0,1911,Drama,cinematographer,Ernest Higgins
177,In the Prime of Life,0,1911,Drama,actress,Elna From
178,In the Prime of Life,0,1911,Drama,actress,Clara Pontoppidan
179,In the Prime of Life,0,1911,Drama,actor,Thorkild Roose
180,In the Prime of Life,0,1911,Drama,actor,Carlo Wieth
181,In the Prime of Life,0,1911,Drama,actress,Ella La Cour
182,In the Prime of Life,0,1911,Drama,director,August Blom
183,In the Prime of Life,0,1911,Drama,writer,Lau Lauritzen
184,In the Prime of Life,0,1911,Drama,actress,Zanny Petersen
185,In the Prime of Life,0,1911,Drama,actor,Lauritz Olsen
186,In the Prime of Life,0,1911,Drama,actress,Henny Lauritzen
187,Den farlige leg,0,1911,Drama,actor,Vilhelm Wiehe
188,Den farlige leg,0,1911,Drama,actress,Ane Marie Christiansen
189,Den farlige leg,0,1911,Drama,actor,Robert Dinesen
190,Den farlige leg,0,1911,Drama,actor,Kai Lind
191,Den farlige leg,0,1911,Drama,actor,Viggo Lindstrøm
192,Den farlige leg,0,1911,Drama,writer,Edgar Høyer
193,Den farlige leg,0,1911,Drama,cinematographer,Alfred Lind
194,Den farlige leg,0,1911,Drama,actor,Johannes Meyer
195,Den farlige leg,0,1911,Drama,actress,Ellen Price de Plane
196,Den farlige leg,0,1911,Drama,actress,Emma Wiehe
197,The Fatal Wedding,0,1911,Drama,actress,Lottie Lyell
198,The Fatal Wedding,0,1911,Drama,actor,Master Anson
199,The Fatal Wedding,0,1911,Drama,actress,Miss Clare
200,The Fatal Wedding,0,1911,Drama,actor,Tom Cosgrove
201,The Fatal Wedding,0,1911,Drama,actor,George D. Ellis
202,The Fatal Wedding,0,1911,Drama,director,Raymond Longford
203,The Fatal Wedding,0,1911,Drama,cinematographer,Arthur Higgins
204,The Fatal Wedding,0,1911,Drama,actress,Helen Fergus
205,The Fatal Wedding,0,1911,Drama,actor,Jack Goodall
206,The Fatal Wedding,0,1911,Drama,actor,Mr. Henderson
207,The Convict Hero,0,1911,Drama,actress,Lily Dampier
208,The Convict Hero,0,1911,Drama,actor,Raymond Longford
209,The Convict Hero,0,1911,Drama,actress,Lottie Lyell
210,The Convict Hero,0,1911,Drama,director,Alfred Rolfe
211,The Convict Hero,0,1911,Drama,writer,Marcus Clarke
212,The Convict Hero,0,1911,Drama,cinematographer,Ernest Higgins
213,The Miner's Curse,0,1911,Drama,director,Alfred Rolfe
214,"Les Misérables, Part 1: Jean Valjean",0,1913,Drama,cinematographer,Pierre Trimbach
215,"Les Misérables, Part 1: Jean Valjean",0,1913,Drama,actor,Henry Krauss
216,"Les Misérables, Part 1: Jean Valjean",0,1913,Drama,actor,Henri Étiévant
217,"Les Misérables, Part 1: Jean Valjean",0,1913,Drama,actress,Maria Ventura
218,"Les Misérables, Part 1: Jean Valjean",0,1913,Drama,actress,Mistinguett
219,"Les Misérables, Part 1: Jean Valjean",0,1913,Drama,director,Albert Capellani
220,"Les Misérables, Part 1: Jean Valjean",0,1913,Drama,writer,Paul Capellani
221,"Les Misérables, Part 1: Jean Valjean",0,1913,Drama,writer,Victor Hugo
222,"Les Misérables, Part 1: Jean Valjean",0,1913,Drama,producer,Pierre Decourcelle
223,"Les Misérables, Part 1: Jean Valjean",0,1913,Drama,cinematographer,Louis Forestier
224,Oedipus Rex,0,1911,Drama,actress,Suzanne de Baere
225,Oedipus Rex,0,1911,Drama,actor,Theo Frenkel
226,Oedipus Rex,0,1911,Drama,writer,Sophocles
227,Par habitude,0,1911,Comedy,actor,Max Linder
228,Par habitude,0,1911,Comedy,actor,Maurice Chevalier
229,Den sorte drøm,0,1911,Drama,actress,Mary Hagen
230,Den sorte drøm,0,1911,Drama,actress,Asta Nielsen
231,Den sorte drøm,0,1911,Drama,actor,Valdemar Psilander
232,Den sorte drøm,0,1911,Drama,actor,Gunnar Helsengreen
233,Den sorte drøm,0,1911,Drama,actor,Emil Albes
234,Den sorte drøm,0,1911,Drama,director,Urban Gad
235,Den sorte drøm,0,1911,Drama,writer,Gebhard Schätzler-Perasini
236,Den sorte drøm,0,1911,Drama,cinematographer,Adam Johansen
237,Den sorte drøm,0,1911,Drama,cinematographer,Guido Seeber
238,Den sorte drøm,0,1911,Drama,actor,Hugo Flink
239,Sport Hípico,0,1911,Documentary,,
240,Nell Gwynne,0,1911,"Biography,Drama,History",actress,Nellie Stewart
241,Nell Gwynne,0,1911,"Biography,Drama,History",actor,Augustus Neville
242,Nell Gwynne,0,1911,"Biography,Drama,History",actor,Charles Lawrence
243,Nell Gwynne,0,1911,"Biography,Drama,History",actor,Stewart Clyde
244,Nell Gwynne,0,1911,"Biography,Drama,History",director,Raymond Longford
245,Nell Gwynne,0,1911,"Biography,Drama,History",writer,Mrs. Charles A. Doremus
246,Nell Gwynne,0,1911,"Biography,Drama,History",writer,Paul Kester
247,Nell Gwynne,0,1911,"Biography,Drama,History",producer,George Musgrove
248,Nell Gwynne,0,1911,"Biography,Drama,History",cinematographer,Ernest Higgins
249,The Devil's Assistant,0,1913,Drama,actress,Asta Nielsen
250,The Devil's Assistant,0,1913,Drama,actor,Fritz Weidemann
251,The Devil's Assistant,0,1913,Drama,actor,Emil Albes
252,The Devil's Assistant,0,1913,Drama,actor,Hermann Seldeneck
253,The Devil's Assistant,0,1913,Drama,director,Urban Gad
254,The Devil's Assistant,0,1913,Drama,writer,Hermann Sudermann
255,The Devil's Assistant,0,1913,Drama,cinematographer,Guido Seeber
256,The Devil's Assistant,0,1913,Drama,actor,Max Wogritsch
257,The Devil's Assistant,0,1913,Drama,actress,Frl. Stoike
258,The Traitress,0,1911,Drama,actor,Max Wilmsen
259,The Traitress,0,1911,Drama,actress,Asta Nielsen
260,The Traitress,0,1911,Drama,actor,Max Obal
261,The Traitress,0,1911,Drama,actor,Robert Valberg
262,The Traitress,0,1911,Drama,actor,Emil Albes
263,The Traitress,0,1911,Drama,director,Urban Gad
264,The Traitress,0,1911,Drama,writer,Erich Zeiske
265,The Traitress,0,1911,Drama,cinematographer,Guido Seeber
266,The Traitress,0,1911,Drama,production_designer,Françoise Arnaud
267,The Traitress,0,1911,Drama,actor,Albert Paul
268,L'électrocuté,0,1911,Sci-Fi,director,Camille de Morlhon
269,L'électrocuté,0,1911,Sci-Fi,writer,Abel Gance
270,The Adventures of Lieutenant Petrosino,0,1912,Drama,director,Sidney M. Goldin
271,The Alaska-Siberian Expedition,0,1912,Documentary,self,Frank E. Kleinschmidt
272,Anfisa,0,1912,Drama,actor,Vladimir Maksimov
273,Anfisa,0,1912,Drama,actor,Vladimir Shaternikov
274,Anfisa,0,1912,Drama,director,Yakov Protazanov
275,Anfisa,0,1912,Drama,writer,Leonid Andreyev
276,Anfisa,0,1912,Drama,cinematographer,Giovanni Vitrotti
277,Anny - Story of a Prostitute,0,1912,"Drama,Romance",actor,Ole Brun Lie
278,Anny - Story of a Prostitute,0,1912,"Drama,Romance",actress,Julie Jansen-Fuhr
279,Anny - Story of a Prostitute,0,1912,"Drama,Romance",actor,Johan Andersson
280,Anny - Story of a Prostitute,0,1912,"Drama,Romance",actress,Gunlaug Lund
281,Anny - Story of a Prostitute,0,1912,"Drama,Romance",actor,Waldemar Zwinge
282,Anny - Story of a Prostitute,0,1912,"Drama,Romance",director,Adam Eriksen
283,Anny - Story of a Prostitute,0,1912,"Drama,Romance",producer,Olaf K. Bjerke
284,Anny - Story of a Prostitute,0,1912,"Drama,Romance",actor,Eugène Bech
285,Anny - Story of a Prostitute,0,1912,"Drama,Romance",actress,Aagot Gundersen
286,Anny - Story of a Prostitute,0,1912,"Drama,Romance",actress,Fru Zwinge
287,Atop of the World in Motion,0,1912,Documentary,cinematographer,Beverly B. Dobbs
288,A Batalha,0,1912,Documentary,,
289,Cleopatra,0,1912,"Drama,History",actor,James R. Waite
290,Cleopatra,0,1912,"Drama,History",actress,Helen Gardner
291,Cleopatra,0,1912,"Drama,History",actress,Pearl Sindelar
292,Cleopatra,0,1912,"Drama,History",actress,Miss Fielding
293,Cleopatra,0,1912,"Drama,History",actress,Miss Robson
294,Cleopatra,0,1912,"Drama,History",director,Charles L. Gaskill
295,Cleopatra,0,1912,"Drama,History",writer,Victorien Sardou
296,Cleopatra,0,1912,"Drama,History",actress,Helene Costello
297,Cleopatra,0,1912,"Drama,History",actor,Charles Sindelar
298,Cleopatra,0,1912,"Drama,History",actor,Mr. Howard
299,Concurso Hípico no Porto,0,1912,Documentary,,
300,Dante's Inferno,0,1911,"Adventure,Drama,Fantasy",production_designer,Sandro Properzi
301,Dante's Inferno,0,1911,"Adventure,Drama,Fantasy",actor,Salvatore Papa
302,Dante's Inferno,0,1911,"Adventure,Drama,Fantasy",actor,Arturo Pirovano
303,Dante's Inferno,0,1911,"Adventure,Drama,Fantasy",actor,Giuseppe de Liguoro
304,Dante's Inferno,0,1911,"Adventure,Drama,Fantasy",actor,Pier Delle Vigne
305,Dante's Inferno,0,1911,"Adventure,Drama,Fantasy",director,Francesco Bertolini
306,Dante's Inferno,0,1911,"Adventure,Drama,Fantasy",director,Adolfo Padovan
307,Dante's Inferno,0,1911,"Adventure,Drama,Fantasy",writer,Dante Alighieri
308,Dante's Inferno,0,1911,"Adventure,Drama,Fantasy",composer,Raffaele Caravaglios
309,Dante's Inferno,0,1911,"Adventure,Drama,Fantasy",cinematographer,Emilio Roncarolo
310,Dødskysset,0,1915,Drama,actress,Ingeborg Larsen
311,Dødskysset,0,1915,Drama,actor,Nicolai Neiiendam
312,Dødskysset,0,1915,Drama,writer,Thomas P. Krag
313,The Great Circus Catastrophe,0,1912,Drama,actor,Valdemar Psilander
314,The Great Circus Catastrophe,0,1912,Drama,actor,Frederik Christensen
315,The Great Circus Catastrophe,0,1912,Drama,actor,Aage Hertel
316,The Great Circus Catastrophe,0,1912,Drama,actress,Alma Hinding
317,The Great Circus Catastrophe,0,1912,Drama,actor,Frederik Jacobsen
318,The Great Circus Catastrophe,0,1912,Drama,director,Eduard Schnedler-Sørensen
319,The Great Circus Catastrophe,0,1912,Drama,writer,Alfred Kjerulf
320,The Great Circus Catastrophe,0,1912,Drama,actress,Agnes Lorentzen
321,The Great Circus Catastrophe,0,1912,Drama,actor,Axel Mattsson
322,The Great Circus Catastrophe,0,1912,Drama,actor,Lauritz Olsen
323,Episódios da Terrível Explosão de Bombas no Porto,0,1912,Documentary,,
324,Eva,0,1913,Drama,cinematographer,Carl Froelich
325,Eva,0,1913,Drama,actress,Henny Porten
326,Eva,0,1913,Drama,actor,Harry Liedtke
327,Eva,0,1913,Drama,actor,Hans Marr
328,Eva,0,1913,Drama,actress,Frida Richard
329,Eva,0,1913,Drama,director,Curt A. Stark
330,Eva,0,1913,Drama,writer,Richard Voß
331,Eva,0,1913,Drama,producer,Oskar Messter
332,Eva,0,1913,Drama,composer,Julius Einödshofer
333,Eva,0,1913,Drama,composer,Otto Wedel
334,The Flying Circus,0,1912,Drama,actor,Charles Løwaas
335,The Flying Circus,0,1912,Drama,actor,Rasmus Ottesen
336,The Flying Circus,0,1912,Drama,actress,Emilie Otterdahl
337,The Flying Circus,0,1912,Drama,actress,Lili Beck
338,The Flying Circus,0,1912,Drama,actress,Kirstine Friis-Hjorth
339,The Flying Circus,0,1912,Drama,director,Alfred Lind
340,The Flying Circus,0,1912,Drama,writer,Carl Otto Dumreicher
341,The Flying Circus,0,1912,Drama,production_designer,L.A. Hjarne
342,The Flying Circus,0,1912,Drama,actor,Richard Jensen
343,The Flying Circus,0,1912,Drama,actress,Stella Lind
344,"From the Manger to the Cross; or, Jesus of Nazareth",0,1912,"Biography,Drama",actor,George Kellog
345,"From the Manger to the Cross; or, Jesus of Nazareth",0,1912,"Biography,Drama",actor,R. Henderson Bland
346,"From the Manger to the Cross; or, Jesus of Nazareth",0,1912,"Biography,Drama",actor,Percy Dyer
347,"From the Manger to the Cross; or, Jesus of Nazareth",0,1912,"Biography,Drama",actress,Gene Gauntier
348,"From the Manger to the Cross; or, Jesus of Nazareth",0,1912,"Biography,Drama",actress,Alice Hollister
349,"From the Manger to the Cross; or, Jesus of Nazareth",0,1912,"Biography,Drama",director,Sidney Olcott
350,"From the Manger to the Cross; or, Jesus of Nazareth",0,1912,"Biography,Drama",cinematographer,George K. Hollister
351,"From the Manger to the Cross; or, Jesus of Nazareth",0,1912,"Biography,Drama",actor,Samuel Morgan
352,"From the Manger to the Cross; or, Jesus of Nazareth",0,1912,"Biography,Drama",actor,James D. Ainsley
353,"From the Manger to the Cross; or, Jesus of Nazareth",0,1912,"Biography,Drama",actor,Robert G. Vignola
354,Den glade løjtnant,0,1912,Romance,actor,Valdemar Psilander
355,Den glade løjtnant,0,1912,Romance,actor,Cajus Bruun
356,Den glade løjtnant,0,1912,Romance,actor,Hilmar Clausen
357,Den glade løjtnant,0,1912,Romance,actor,Anton Gambetta Salmson
358,Den glade løjtnant,0,1912,Romance,actress,Alma Hinding
359,Den glade løjtnant,0,1912,Romance,director,Robert Dinesen
360,Den glade løjtnant,0,1912,Romance,writer,Thomas P. Krag
361,Den glade løjtnant,0,1912,Romance,actor,Carl Lauritzen
362,Den glade løjtnant,0,1912,Romance,actor,Aage Lorentzen
363,Den glade løjtnant,0,1912,Romance,actress,Agnes Lorentzen
364,Leiria,0,1912,Documentary,,
365,Life of Villa,0,1912,"Documentary,War",self,Pancho Villa
366,Life of Villa,0,1912,"Documentary,War",self,Don Luis Terrazas
367,Life of Villa,0,1912,"Documentary,War",director,Christy Cabanne
368,Life of Villa,0,1912,"Documentary,War",producer,D.W. Griffith
369,Life of Villa,0,1912,"Documentary,War",cinematographer,Charles Rosher
370,The Midnight Wedding,0,1912,Drama,actress,Nellie Kemberman
371,The Midnight Wedding,0,1912,Drama,actor,J. Barry
372,The Midnight Wedding,0,1912,Drama,actor,D.L. Dalziel
373,The Midnight Wedding,0,1912,Drama,actor,Jack Goodall
374,The Midnight Wedding,0,1912,Drama,actor,Robert Henry
375,The Midnight Wedding,0,1912,Drama,director,Raymond Longford
376,The Midnight Wedding,0,1912,Drama,writer,Walter Howard
377,The Midnight Wedding,0,1912,Drama,cinematographer,Ernest Higgins
378,The Midnight Wedding,0,1912,Drama,actor,Tim Howard
379,The Midnight Wedding,0,1912,Drama,actress,Dorothy Judge
380,Oliver Twist,0,1912,Drama,actor,Hudson Liston
381,Oliver Twist,0,1912,Drama,actor,Nat C. Goodwin
382,Oliver Twist,0,1912,Drama,actress,Vinnie Burns
383,Oliver Twist,0,1912,Drama,actor,Charley Rogers
384,Oliver Twist,0,1912,Drama,actor,Mortimer Martine
385,Oliver Twist,0,1912,Drama,writer,Charles Dickens
386,Oliver Twist,0,1912,Drama,producer,H.A. Spanuth
387,Oliver Twist,0,1912,Drama,actress,Beatrice Moreland
388,Oliver Twist,0,1912,Drama,actor,Edwin McKim
389,Oliver Twist,0,1912,Drama,actor,Daniel Read
390,Oliver Twist,0,1912,Drama,actor,Willie West
391,Oliver Twist,0,1912,Drama,actress,Ivy Millais
392,Oliver Twist,0,1912,Drama,actor,John McMahon
393,Oliver Twist,0,1912,Drama,actor,Harry Royston
394,Oliver Twist,0,1912,Drama,actress,Alma Taylor
395,Oliver Twist,0,1912,Drama,director,Thomas Bentley
396,Oliver Twist,0,1912,Drama,writer,Charles Dickens
397,Oliver Twist,0,1912,Drama,producer,Cecil M. Hepworth
398,Oliver Twist,0,1912,Drama,actress,Flora Morris
399,Oliver Twist,0,1912,Drama,actor,Mr. Rivary
400,Passion,0,1919,"Biography,Drama,Romance",cinematographer,Kurt Waschneck
401,Passion,0,1919,"Biography,Drama,Romance",actress,Pola Negri
402,Passion,0,1919,"Biography,Drama,Romance",actor,Emil Jannings
403,Passion,0,1919,"Biography,Drama,Romance",actor,Harry Liedtke
404,Passion,0,1919,"Biography,Drama,Romance",actor,Eduard von Winterstein
405,Passion,0,1919,"Biography,Drama,Romance",director,Ernst Lubitsch
406,Passion,0,1919,"Biography,Drama,Romance",writer,Norbert Falk
407,Passion,0,1919,"Biography,Drama,Romance",writer,Hanns Kräly
408,Passion,0,1919,"Biography,Drama,Romance",producer,Paul Davidson
409,Passion,0,1919,"Biography,Drama,Romance",cinematographer,Theodor Sparkuhl
410,Paul J. Rainey's African Hunt,0,1912,Documentary,self,Paul J. Rainey
411,Paul J. Rainey's African Hunt,0,1912,Documentary,cinematographer,John C. Hemment
412,Quincy Adams Sawyer,0,1912,Comedy,writer,Justin Adams
413,Quincy Adams Sawyer,0,1912,Comedy,writer,Charles Felton Pidgin
414,Quo Vadis?,0,1913,"Drama,History",actor,Amleto Novelli
415,Quo Vadis?,0,1913,"Drama,History",actor,Gustavo Serena
416,Quo Vadis?,0,1913,"Drama,History",actor,Carlo Cattaneo
417,Quo Vadis?,0,1913,"Drama,History",actress,Amelia Cattaneo
418,Quo Vadis?,0,1913,"Drama,History",director,Enrico Guazzoni
419,Quo Vadis?,0,1913,"Drama,History",writer,Henryk Sienkiewicz
420,Quo Vadis?,0,1913,"Drama,History",cinematographer,Eugenio Bava
421,Quo Vadis?,0,1913,"Drama,History",cinematographer,Alessandro Bona
422,Quo Vadis?,0,1913,"Drama,History",production_designer,Camillo Innocenti
423,The Independence of Romania,0,1912,"History,War",actor,Aristide Demetriade
424,The Independence of Romania,0,1912,"History,War",actress,Constanta Demetriade
425,The Independence of Romania,0,1912,"History,War",actor,Constantin Nottara
426,The Independence of Romania,0,1912,"History,War",actor,Pepi Machauer
427,The Independence of Romania,0,1912,"History,War",director,Grigore Brezeanu
428,The Independence of Romania,0,1912,"History,War",writer,Petre Liciu
429,The Independence of Romania,0,1912,"History,War",producer,Leon Popescu
430,The Independence of Romania,0,1912,"History,War",cinematographer,Franck Daniau
431,The Life and Death of King Richard III,0,1912,Drama,actor,Robert Gemp
432,The Life and Death of King Richard III,0,1912,Drama,actor,Frederick Warde
433,The Life and Death of King Richard III,0,1912,Drama,actor,Albert Gardner
434,The Life and Death of King Richard III,0,1912,Drama,actor,James Keane
435,The Life and Death of King Richard III,0,1912,Drama,director,André Calmettes
436,The Life and Death of King Richard III,0,1912,Drama,writer,William Shakespeare
437,The Life and Death of King Richard III,0,1912,Drama,producer,J. Stuart Blackton
438,The Life and Death of King Richard III,0,1912,Drama,producer,M.B. Dudley
439,Saty delaji cloveka,0,1913,Comedy,actress,Anna Sedlácková
440,Saty delaji cloveka,0,1913,Comedy,actor,Jára Sedlácek
441,Saty delaji cloveka,0,1913,Comedy,actor,Alois Sedlácek
442,Saty delaji cloveka,0,1913,Comedy,actor,Rudolf Matucha
443,Saty delaji cloveka,0,1913,Comedy,director,Max Urban
444,Saty delaji cloveka,0,1913,Comedy,writer,William Shakespeare
445,Saty delaji cloveka,0,1913,Comedy,actor,Karel Vána
446,Saty delaji cloveka,0,1913,Comedy,actor,Josef Rozsíval
447,Seal Hunting in Newfoundland,0,1912,Documentary,,
448,The Black Chancellor,0,1912,Drama,actress,Jenny Roelsgaard
449,The Black Chancellor,0,1912,Drama,actor,Valdemar Psilander
450,The Black Chancellor,0,1912,Drama,actor,Poul Reumert
451,The Black Chancellor,0,1912,Drama,actress,Ebba Thomsen
452,The Black Chancellor,0,1912,Drama,actor,Robert Dinesen
453,The Black Chancellor,0,1912,Drama,director,August Blom
454,The Black Chancellor,0,1912,Drama,writer,Christian Schrøder
455,The Black Chancellor,0,1912,Drama,cinematographer,Johan Ankerstjerne
456,The Black Chancellor,0,1912,Drama,actor,Thorkild Roose
457,The Black Chancellor,0,1912,Drama,actor,Frederik Jacobsen
458,Saved in Mid-Air,0,1912,Drama,actress,Lili Beck
459,Saved in Mid-Air,0,1912,Drama,actor,Victor Sjöström
460,Saved in Mid-Air,0,1912,Drama,actor,John Ekman
461,Saved in Mid-Air,0,1912,Drama,actor,Gunnel Holzhausen
462,Saved in Mid-Air,0,1912,Drama,director,Mauritz Stiller
463,Saved in Mid-Air,0,1912,Drama,writer,Sigrid Calamnius
464,Saved in Mid-Air,0,1912,Drama,writer,Charles Magnusson
465,Saved in Mid-Air,0,1912,Drama,cinematographer,Julius Jaenzon
466,Saved in Mid-Air,0,1912,Drama,actor,Gunnar Norberg
467,The Last Bohemian,0,1913,"Drama,Romance",cinematographer,József Bécsi
468,The Last Bohemian,0,1913,"Drama,Romance",actor,Antal Nyáray
469,The Last Bohemian,0,1913,"Drama,Romance",actor,Elemér Thury
470,The Last Bohemian,0,1913,"Drama,Romance",actor,Béla Bodonyi
471,The Last Bohemian,0,1913,"Drama,Romance",actor,Zoltán Sipos
472,The Last Bohemian,0,1913,"Drama,Romance",director,Michael Curtiz
473,The Last Bohemian,0,1913,"Drama,Romance",writer,Zsolt Harsányi
474,The Last Bohemian,0,1913,"Drama,Romance",producer,József Neumann
475,The Last Bohemian,0,1913,"Drama,Romance",producer,Mór Ungerleider
476,The Last Bohemian,0,1913,"Drama,Romance",composer,Zsigmond Vincze
477,Zigomar contre Nick Carter,0,1912,"Crime,Thriller",actor,Paul Guidé
478,Zigomar contre Nick Carter,0,1912,"Crime,Thriller",actor,Alexandre Arquillière
479,Zigomar contre Nick Carter,0,1912,"Crime,Thriller",actor,Charles Krauss
480,Zigomar contre Nick Carter,0,1912,"Crime,Thriller",actor,André Liabel
481,Zigomar contre Nick Carter,0,1912,"Crime,Thriller",actress,Josette Andriot
482,Zigomar contre Nick Carter,0,1912,"Crime,Thriller",director,Victorin-Hippolyte Jasset
483,Zigomar contre Nick Carter,0,1912,"Crime,Thriller",writer,John Russel Coryell
484,Zigomar contre Nick Carter,0,1912,"Crime,Thriller",writer,Léon Sazie
485,Zigomar contre Nick Carter,0,1912,"Crime,Thriller",cinematographer,Lucien N. Andriot
486,Zigomar contre Nick Carter,0,1912,"Crime,Thriller",actress,Olga Demidoff
487,The Adventures of Kathlyn,0,1913,Adventure,actor,Tom Santschi
488,The Adventures of Kathlyn,0,1913,Adventure,actress,Kathlyn Williams
489,The Adventures of Kathlyn,0,1913,Adventure,actor,Charles Clary
490,The Adventures of Kathlyn,0,1913,Adventure,actor,Horace B. Carpenter
491,The Adventures of Kathlyn,0,1913,Adventure,actor,Lafe McKee
492,The Adventures of Kathlyn,0,1913,Adventure,director,Francis J. Grandon
493,The Adventures of Kathlyn,0,1913,Adventure,writer,Harold McGrath
494,The Adventures of Kathlyn,0,1913,Adventure,writer,Gilson Willets
495,The Adventures of Kathlyn,0,1913,Adventure,producer,William Nicholas Selig
496,The Adventures of Kathlyn,0,1913,Adventure,cinematographer,Robert L. Carson
497,Der Andere,0,1913,"Drama,Thriller",cinematographer,Hermann Boettger
498,Der Andere,0,1913,"Drama,Thriller",actor,Albert Bassermann
499,Der Andere,0,1913,"Drama,Thriller",actor,Emmerich Hanus
500,Der Andere,0,1913,"Drama,Thriller",actress,Nelly Ridon
501,Der Andere,0,1913,"Drama,Thriller",actress,Hanni Weisse
502,Der Andere,0,1913,"Drama,Thriller",director,Max Mack
503,Der Andere,0,1913,"Drama,Thriller",writer,Paul Lindau
504,Der Andere,0,1913,"Drama,Thriller",writer,Hippolyte Taine
505,Der Andere,0,1913,"Drama,Thriller",producer,Jules Greenbaum
506,Der Andere,0,1913,"Drama,Thriller",composer,Altmann-Nemo